Workbook

Sheet 周计划
A1: 计划颜色说明：日期列蓝色底纹代表车载线生产，黄色底纹代表中小线生产，日期列绿色底纹代表中大线生产，车号列橙色底纹代表未开订单
A2: 产品线 | B2: 精准车型 | C2: 产品型号 | D2: 精准BOM | E2: 12W周计划 （3.23-3.29） | N2: 13W周计划 （3.30-4.05） | W2: 14W周计划 （4.06-4.12） | AF2: 15W周计划 （4.13-4.19） | AO2: 16W周计划 （4.20-4.26） | AX2: 17W周计划 （4.27-5.03） | BG2: 18W周计划 （5.04-5.10） | BP2: 19W周计划 （5.11-5.17）
E3: 23 | F3: 24 | G3: 25 | H3: 26 | I3: 27 | J3: 28 | K3: 29 | L3: 数量 | N3: 30 | O3: 31 | P3: 1 | Q3: 2 | R3: 3 | S3: 4 | T3: 5 | U3: 数量 | W3: 6 | X3: 7 | Y3: 8 | Z3: 9 | AA3: 10 | AB3: 11 | AC3: 12 | AD3: 数量 | AF3: 13 | AG3: 14 | AH3: 15 | AI3: 16 | AJ3: 17 | AK3: 18 | AL3: 19 | AM3: 数量 | AO3: 20 | AP3: 21 | AQ3: 22 | AR3: 23 | AS3: 24 | AT3: 25 | AU3: 26 | AV3: 数量 | AX3: 27 | AY3: 28 | AZ3: 29 | BA3: 30 | BB3: 1 | BC3: 2 | BD3: 3 | BE3: 数量 | BG3: 4 | BH3: 5 | BI3: 6 | BJ3: 7 | BK3: 8 | BL3: 9 | BM3: 10 | BN3: 数量 | BP3: 11 | BQ3: 12 | BR3: 13 | BS3: 14 | BT3: 15 | BU3: 16 | BV3: 17 | BW3: 数量
A4: 车载 | B4: ZA10RJE-CE | C4: ZA10RJE | D4: ZA10RJE-001 | E4: 1 | F4: 2 | G4: 2 | H4: 2 | L4: =SUM(E4:K4) -> 7 | M4: 641-647# | U4: =SUM(N4:T4) -> 0 | AD4: =SUM(W4:AC4) -> 0 | AM4: =SUM(AF4:AL4) -> 0 | AP4: 2 | AQ4: 3 | AR4: 3 | AS4: 3 | AT4: 3 | AU4: 3 | AV4: =SUM(AO4:AU4) -> 17 | AW4: 648-664# | AX4: 3 | AY4: 3 | BE4: =SUM(AX4:BD4) -> 6 | BF4: 665-670# | BN4: =SUM(BG4:BM4) -> 0 | BW4: =SUM(BP4:BV4) -> 0
A5: 车载 | B5: ZA10RJE-GB | C5: ZA10RJE | D5: ZA10RJE1000000 | L5: =SUM(E5:K5) -> 0 | U5: =SUM(N5:T5) -> 0 | AD5: =SUM(W5:AC5) -> 0 | AM5: =SUM(AF5:AL5) -> 0 | AV5: =SUM(AO5:AU5) -> 0 | BE5: =SUM(AX5:BD5) -> 0 | BN5: =SUM(BG5:BM5) -> 0 | BW5: =SUM(BP5:BV5) -> 0
A6: 车载 | B6: ZA10RJE-CE | C6: ZA10RJE | D6: ZA10RJE6000000 | L6: =SUM(E6:K6) -> 0 | U6: =SUM(N6:T6) -> 0 | AD6: =SUM(W6:AC6) -> 0 | AM6: =SUM(AF6:AL6) -> 0 | AV6: =SUM(AO6:AU6) -> 0 | BE6: =SUM(AX6:BD6) -> 0 | BN6: =SUM(BG6:BM6) -> 0 | BW6: =SUM(BP6:BV6) -> 0
A7: 车载 | B7: ZA10RJE-GB | C7: ZA10RJE | D7: ZA12RJEVG000000 | E7: 2 | F7: 1 | L7: =SUM(E7:K7) -> 3 | M7: 133-135# | U7: =SUM(N7:T7) -> 0 | AD7: =SUM(W7:AC7) -> 0 | AM7: =SUM(AF7:AL7) -> 0 | AV7: =SUM(AO7:AU7) -> 0 | BE7: =SUM(AX7:BD7) -> 0 | BN7: =SUM(BG7:BM7) -> 0 | BW7: =SUM(BP7:BV7) -> 0
A8: 车载 | B8: ZA10J欧五久保田-CE | C8: ZA10J | D8: ZA10J6JE5000 | L8: =SUM(E8:K8) -> 0 | U8: =SUM(N8:T8) -> 0 | AD8: =SUM(W8:AC8) -> 0 | AM8: =SUM(AF8:AL8) -> 0 | AV8: =SUM(AO8:AU8) -> 0 | BE8: =SUM(AX8:BD8) -> 0 | BH8: 2 | BN8: =SUM(BG8:BM8) -> 2 | BO8: 14-15# | BW8: =SUM(BP8:BV8) -> 0
A9: 总合计 | E9: =SUM(E4:E8) -> 3 | F9: =SUM(F4:F8) -> 3 | G9: =SUM(G4:G8) -> 2 | H9: =SUM(H4:H8) -> 2 | I9: =SUM(I4:I8) -> 0 | J9: =SUM(J4:J8) -> 0 | K9: =SUM(K4:K8) -> 0 | L9: =SUM(E9:K9) -> 10 | N9: =SUM(N4:N8) -> 0 | O9: =SUM(O4:O8) -> 0 | P9: =SUM(P4:P8) -> 0 | Q9: =SUM(Q4:Q8) -> 0 | R9: =SUM(R4:R8) -> 0 | S9: =SUM(S4:S8) -> 0 | T9: =SUM(T4:T8) -> 0 | U9: =SUM(N9:T9) -> 0 | W9: =SUM(W4:W8) -> 0 | X9: =SUM(X4:X8) -> 0 | Y9: =SUM(Y4:Y8) -> 0 | Z9: =SUM(Z4:Z8) -> 0 | AA9: =SUM(AA4:AA8) -> 0 | AB9: =SUM(AB4:AB8) -> 0 | AC9: =SUM(AC4:AC8) -> 0 | AD9: =SUM(W9:AC9) -> 0 | AF9: =SUM(AF4:AF8) -> 0 | AG9: =SUM(AG4:AG8) -> 0 | AH9: =SUM(AH4:AH8) -> 0 | AI9: =SUM(AI4:AI8) -> 0 | AJ9: =SUM(AJ4:AJ8) -> 0 | AK9: =SUM(AK4:AK8) -> 0 | AL9: =SUM(AL4:AL8) -> 0 | AM9: =SUM(AF9:AL9) -> 0 | AO9: =SUM(AO4:AO8) -> 0 | AP9: =SUM(AP4:AP8) -> 2 | AQ9: =SUM(AQ4:AQ8) -> 3 | AR9: =SUM(AR4:AR8) -> 3 | AS9: =SUM(AS4:AS8) -> 3 | AT9: =SUM(AT4:AT8) -> 3 | AU9: =SUM(AU4:AU8) -> 3 | AV9: =SUM(AO9:AU9) -> 17 | AX9: =SUM(AX4:AX8) -> 3 | AY9: =SUM(AY4:AY8) -> 3 | AZ9: =SUM(AZ4:AZ8) -> 0 | BA9: =SUM(BA4:BA8) -> 0 | BB9: =SUM(BB4:BB8) -> 0 | BC9: =SUM(BC4:BC8) -> 0 | BD9: =SUM(BD4:BD8) -> 0 | BE9: =SUM(AX9:BD9) -> 6 | BG9: =SUM(BG4:BG8) -> 0 | BH9: =SUM(BH4:BH8) -> 2 | BI9: =SUM(BI4:BI8) -> 0 | BJ9: =SUM(BJ4:BJ8) -> 0 | BK9: =SUM(BK4:BK8) -> 0 | BL9: =SUM(BL4:BL8) -> 0 | BM9: =SUM(BM4:BM8) -> 0 | BN9: =SUM(BG9:BM9) -> 2 | BP9: =SUM(BP4:BP8) -> 0 | BQ9: =SUM(BQ4:BQ8) -> 0 | BR9: =SUM(BR4:BR8) -> 0 | BS9: =SUM(BS4:BS8) -> 0 | BT9: =SUM(BT4:BT8) -> 0 | BU9: =SUM(BU4:BU8) -> 0 | BV9: =SUM(BV4:BV8) -> 0 | BW9: =SUM(BP9:BV9) -> 0

Sheet 日计划
A1: 车型列底色橙色表示已成台车辆，整车订单列底色绿色表示已入库车辆， 整车成台日期列底色黄色表示订单已开，但没有安排具体成台时间的车辆
A2: 生产作业计划明细
B3: 线别 | C3: 精准车型 | D3: 产品型号 | E3: ZPS型号 | F3: 精准BOM | G3: 车号 | H3: 整车订单号 | I3: 说明 | J3: 内外贸版本 | K3: 台份 | L3: 上线计划 | M3: 整车成台计划 | N3: 报缴月/周/日 | O3: 国家 | P3: 合同号 | Q3: 营销通知时间 | R3: 订单开立时间
B4: 新 | C4: V03 | D4: ZV22TJ | E4: =VLOOKUP(F4,'[1]产品机型关系导出-0'!$C:$D,2,0) -> ZV22TJ(GJG6) | F4: V03-001 | G4: 0764410000N000101 | H4: 9000469309 | J4: 国内 | K4: 1 | L4: \ | M4: \ | N4: \ | O4: 中国 | P4: 样机试制 | R4: =VLOOKUP(G4,[2]臂车订单汇总表!$E:$H,4,0) -> #N/A
B5: 新 | C5: V05 | D5: ZV26T | E5: =VLOOKUP(F5,'[1]产品机型关系导出-0'!$C:$D,2,0) -> ZV26T(GJG6) | F5: V05G000000 | G5: 0764600000P000001 | H5: 9000491326 | I5: 臂式自制，BOM中无焊丝 | J5: 国内 | K5: 1 | L5: \ | M5: \ | N5: \ | O5: 中国 | P5: 样机试制 | R5: =VLOOKUP(G5,[2]臂车订单汇总表!$E:$H,4,0) -> 44928
B6: 新 | C6: V05 | D6: ZV26T | E6: =VLOOKUP(F6,'[1]产品机型关系导出-0'!$C:$D,2,0) -> ZV26T(GJG6) | F6: V05G000000 | G6: 0764600000P000002 | H6: 9000491327 | J6: 国内 | K6: 1 | L6: \ | M6: \ | N6: \ | O6: 中国 | P6: 样机试制 | R6: =VLOOKUP(G6,[2]臂车订单汇总表!$E:$H,4,0) -> 44928
B7: 新 | C7: V04 | D7: ZV28TJ | E7: =VLOOKUP(F7,'[1]产品机型关系导出-0'!$C:$D,2,0) -> ZV28TJ(GTG6) | F7: V04_G000000 | G7: 0764800000N000001 | H7: 9000481495 | J7: 国内 | K7: 1 | L7: \ | M7: \ | N7: \ | O7: 中国 | P7: 样机试制 | R7: =VLOOKUP(G7,[2]臂车订单汇总表!$E:$H,4,0) -> 44834
B8: 新 | C8: V04 | D8: ZV28TJ | E8: =VLOOKUP(F8,'[1]产品机型关系导出-0'!$C:$D,2,0) -> ZV28TJ(GTG6) | F8: V04_G000000 | G8: 0764800000N000002 | H8: 9000481496 | J8: 国内 | K8: 1 | L8: \ | M8: \ | N8: \ | O8: 中国 | P8: 样机试制 | R8: =VLOOKUP(G8,[2]臂车订单汇总表!$E:$H,4,0) -> 44834
